{
  "IsEncrypted": false,
  "Values": {
    "FUNCTIONS_WORKER_RUNTIME": "python",
    "AzureWebJobsStorage": "DefaultEndpointsProtocol=https;AccountName=turbodexstorage;AccountKey=6yKI9e9pVPiPCLzPuUX4gHX9cTSKdPgpTktJWkKEnY0T8m7QwRAsLgQQAdah5LNGwiMULsLmwh1f+AStmZr5iQ==;EndpointSuffix=core.windows.net",
    "StorageConn": "DefaultEndpointsProtocol=https;AccountName=turbodexstorage;AccountKey=6yKI9e9pVPiPCLzPuUX4gHX9cTSKdPgpTktJWkKEnY0T8m7QwRAsLgQQAdah5LNGwiMULsLmwh1f+AStmZr5iQ==;EndpointSuffix=core.windows.net",
    "AZURE_BLOB_CONTAINER_RAW": "raw",
    "AZURE_BLOB_CONTAINER_PROCESSED": "processed",
    
    "IA_BLUR_URL": "http://172.189.95.209/blur/",
    "IA_PREDICT_URL": "http://20.19.112.183/predict/",

    "MONGO_URI": "mongodb+srv://NeyZ:vprP3ZhNX^v@^Urj$2@turbodex-cluster.mongocluster.cosmos.azure.com/?tls=true&authMechanism=SCRAM-SHA-256&retrywrites=false&maxIdleTimeMS=120000",
    "DB_NAME": "turbodex",
    
    "HTTP_TIMEOUT_SECONDS": "20"
  },
  "extensions": {
    "queues": {
      "messageEncoding": "None", //Pas de base64        
      "maxDequeueCount": 5,
      "visibilityTimeout": "00:00:15"
    }
  }
}
